"RegionName","StateName","RegionType","CBSA Title","SizeRank","2010-01","2010-02","2010-03","2010-04","2010-05","2010-06","2010-07","2010-08","2010-09","2010-10","2010-11","2010-12","2011-01","2011-02","2011-03","2011-04","2011-05","2011-06","2011-07","2011-08","2011-09","2011-10","2011-11","2011-12","2012-01","2012-02","2012-03","2012-04","2012-05","2012-06","2012-07","2012-08","2012-09","2012-10","2012-11","2012-12","2013-01","2013-02","2013-03","2013-04","2013-05","2013-06","2013-07","2013-08","2013-09","2013-10","2013-11","2013-12","2014-01","2014-02","2014-03","2014-04","2014-05","2014-06","2014-07","2014-08","2014-09","2014-10","2014-11","2014-12","2015-01","2015-02","2015-03","2015-04","2015-05","2015-06","2015-07","2015-08","2015-09","2015-10","2015-11","2015-12","2016-01","2016-02","2016-03","2016-04","2016-05","2016-06","2016-07","2016-08","2016-09","2016-10","2016-11","2016-12","2017-01","2017-02","2017-03","2017-04","2017-05","2017-06","2017-07","2017-08"
"United States",,"Country",,1,151,150.75,149.25,141.25,126.75,116,112,112.5,116.75,121.5,125.75,131,136.75,140,138.25,131.75,123.25,117.75,117.25,120,124.75,129.5,133,136,138.25,138.75,135.5,125.5,113,106.75,107.25,110.25,113.75,116.75,120,125,129.75,130.25,123,109.75,98.75,93.75,92.5,93.5,96,99.75,104.25,110,117,120.5,114.75,101.75,91.5,87.75,88,91.25,95.75,100.5,105.5,111.5,118.25,120,110.25,94.5,85.25,83.75,85.5,88.75,92.5,97.25,102.25,108,115,117,107.5,92.25,83.25,81.5,82.5,85.25,88.75,92.25,96,101.25,107.25,107.75,98,84.5,76.5,73.75,73.75,76
"Alaska","AK","State",,46,130,149.375,146,114.375,92.25,88.875,85.875,88.125,94.375,100.5,109.5,120,135.125,145.75,135.375,114,101.75,95.375,87.75,88.75,96,102.125,112.125,118.25,119.875,132.25,141,125.375,99,82.625,79.5,83,89.5,99.25,109.75,121.625,136.5,140.875,123.5,97.75,82,77.5,77.75,80.25,85,92,102.75,115,121.5,117,107,96.625,85,78.75,77.25,76.875,80.5,89.75,101.75,108.375,109.75,101.125,81.75,70.5,70,72.75,75.25,77.5,82.25,88.125,95.75,103.25,104.75,100,92.75,83.875,79,81.25,84.5,90,98,103.5,109.75,116,119.25,121,111.75,91.5,78.75,75.625,75.75,79
"Alabama","AL","State",,23,168,165.5,172.75,175,156.5,129.75,114.75,108.75,111.5,124.25,141,153.75,157.5,157.75,151.75,138.5,129,128,133.75,140.75,144,142.5,140,138.75,140.875,146.25,145.875,141.75,136.75,127.25,120.875,126,135.125,139,141.75,143.875,145.625,148.625,147.625,141,132,125.75,122,122.25,126.5,131.5,136,139.125,145,150.375,153,148,134.125,126.5,124.875,123.5,125.5,127,128.5,135.75,144,146.5,139.75,125.5,114,110.75,111.75,115.875,123.75,128.875,131.75,138.75,145.25,144.5,137.75,124.5,108.5,102,103.5,107,110.75,111.5,113.75,121,128.5,129.75,120.5,106.25,95.75,90.5,89.5,91
"Arkansas","AR","State",,32,121,135.75,138.875,135.25,128.25,118,106.75,103.625,109.875,118.5,129,137.625,137.625,130.5,121.25,115.875,115.25,115.125,118,124.625,129.875,131.875,133.125,135.5,143.75,155.75,152.75,133.75,116.75,108.25,107,109.75,114.5,116.5,119,129,138,140.625,138.5,128.5,115,110.125,109.5,107.75,109.75,114,118.875,127.25,135.5,138.125,136.125,130.125,120.25,110.25,108.5,113.25,117,121.75,129.75,139,145,147,144.5,132.5,118,113.875,114.5,110.875,109.25,113,117.75,124.375,131.125,132.625,126.125,113,102.625,97.75,96.75,100,103.625,106.25,109.25,113.25,116.75,119.25,114.5,101.25,90.25,85.5,85.75,87
"Arizona","AZ","State",,16,128,128,131,126.5,115.25,107.5,102.75,101.5,103.25,102.5,101.75,106.75,112.5,113.75,111.5,108.25,106.75,104.25,100.75,99.5,99.5,100,101.25,102.75,105,105.375,100.75,96.125,94.25,91,87.25,85.5,86,88.5,92,96,98.25,97.75,94.25,88.25,82,77.5,76.5,78,79.875,82,83.875,87.75,95.75,101,97.75,91.75,91.25,93.5,96.5,100.25,100.375,98.875,97.125,98.375,104,101.75,89.5,80.75,79.5,79.5,78.5,78.5,79.25,80.25,82.25,86.5,92.25,91.75,83.5,77.5,77,77.5,77.75,79,79.75,78.25,77.75,82,87.75,86.5,78.25,72,70,69.25,69.25,70
"California","CA","State",,1,130,126,117.25,106.25,96,91.5,89.5,90.25,95.25,100,104.5,110.25,116.25,117.5,110.25,100.25,96,97.25,99,100,102.75,106.75,109.25,112.25,116.25,116.5,109,98,90.75,87.25,86.25,87.25,88,87,87.5,92,95,89.5,77.25,67.75,64.25,63.25,62.75,62.75,64.25,66.75,70.25,77,83.25,79.5,69.25,64,63.75,64.75,66.5,68.5,71,74.25,78.25,84.75,91.25,87.25,73.75,65.25,64.25,65,65.75,66.75,69.25,73.25,78,84.5,91,87,73.25,64.75,63.5,64,65.5,67.75,70.25,72.75,75.75,80.75,85.5,80.75,67.5,58.75,56.25,55.75,57,59
"Colorado","CO","State",,22,154,153.25,141.5,123.5,110.25,105.5,105.25,108.25,113.25,117,121,127,134.5,140,137,124.5,112.75,106.5,103.5,105,108.75,114.5,121.25,125,126.875,126.5,117.875,99.75,84.5,80,80.25,81.25,83.25,86.25,89.5,95.25,102.5,99.5,85.25,73,66.75,63.5,63,65,68.75,73.75,78.75,84.25,90.75,90.25,78.25,65.25,59.75,59,59.25,60.5,63.5,67.25,70.25,73.75,77.75,74.5,63.25,56.25,57.25,60,60.75,61.25,63.5,67.5,73,79.25,85.25,83.25,71.375,62.5,59.375,57.25,58,62,66.5,70.25,73.5,77.25,79.5,74,63.75,57.5,54.5,52.5,53,55
"Connecticut","CT","State",,29,164,165,170.125,164.625,145.125,125.125,119.125,122.75,130.75,135.5,134.75,139.5,144.75,147.625,152,148.125,130.5,114,112.25,122.125,134.5,145.125,155.25,164.75,170.5,173.75,175.625,164.25,139.875,125,125.75,132,138.75,145.25,153.75,162,166.5,170.625,170.75,154.125,127.5,113,109.75,110.25,120,132.75,137.75,140.75,150.125,161.5,166.375,155.25,128.25,108.75,107.125,112.75,121.125,129.5,135.25,144.125,157.375,166.625,168.375,156.75,131.5,111,105.25,109.75,119.5,129.5,139.5,151.25,163.375,172,172.625,157.875,130.25,110.625,107.25,112.5,121.5,128.375,132,136.125,142.5,153.75,154.125,131.5,108.625,97.75,94,98
"District of Columbia","DC","State",,49,132,141.625,140,134.625,119.25,97.5,92.5,97.75,102.5,100.25,90.25,92.875,106,115.625,123.5,119.625,100.5,86.875,89.625,99.25,102.625,99.5,96.75,102,114.5,114.75,99,86.75,83.5,81.875,81.25,86.25,89.25,80.625,75.625,83.875,91.375,90.375,80.75,66.625,58.75,59.625,62,62.75,64,63.75,63.75,72.25,84.875,85.25,72.875,62.5,58.25,57.75,60.25,64,63.625,59,61.375,72.375,81.25,78.625,66.5,56.25,54.25,58.125,61.75,64.125,63,59.5,62.5,71.75,81.75,82.25,71,61,57.75,59,62.25,66.625,68,63.375,61,67.75,77.25,75,62.5,55,54,55.25,59,65
"Delaware","DE","State",,45,141,164.625,157.75,135.375,119.625,114,113.75,120.5,129.125,134,133,128,137.125,155.75,161.125,150.125,133,118.125,116.375,131.125,148.625,153.375,151,153.875,157.625,158.375,155.125,146,132.625,122.125,118.875,120.5,128.75,135.125,129.25,123.75,132,144.375,147.125,139.125,121.875,105.25,100,104.5,113.25,122.125,126.5,126.25,128.25,131.625,135.25,135.5,122,105.875,103.25,109.375,116.5,120.5,119.75,121.5,132,142.75,138.625,122.625,108.375,98.875,97.75,103.75,108,107.375,107.625,120.125,139.375,146.5,137.25,119.875,104.75,98.875,98.75,101,104.25,108.125,112.25,116.375,127.5,137.375,132,117.875,103.75,94.5,91.75,91
"Florida","FL","State",,4,174,169.25,165,162.75,155.25,139.75,126,120.5,123,127,127.5,127.25,130,134.75,138,140.5,141.25,138.75,135,131.5,130.875,132.25,132.375,132.75,133.5,133.5,133.25,130.25,126.5,126.25,126.5,126,124.75,122.5,123,125.25,126.75,127.25,125.25,121.25,117,114.25,113,111.75,110,109.5,110.75,112.5,116,119.25,118.75,115.5,110.75,107,107.25,109.5,111,112.75,115.25,118.5,122.5,123.25,117,107.75,103.25,103.5,104.25,105.5,106.75,108.25,110.5,112,114,114.5,109.25,101.5,97.5,97,97.25,98.25,100,101.75,103.25,105.5,108.25,108.75,105,99.5,96.5,95.5,94,92
"Georgia","GA","State",,9,153,150.25,149.25,148.25,140,126,115.5,112.25,115.5,120.25,124.75,129.75,134.5,138.25,136.75,130,122.75,120.25,122,124,126.25,126.125,124.25,123.125,123,125,122,112,105.25,104.375,105.5,106.625,106.75,108.5,112.75,117.5,122.5,123.5,116,103.75,95.75,94.5,96,97.5,99,102.25,106,110.25,115.75,117.25,110.5,99,91.25,90.25,92.125,95.25,99.625,104.25,107.75,111.25,116,115,103,87.75,80.25,81.5,84.5,88,93.75,100.5,107.25,113.75,120,120.75,109,90.75,80.75,80,81.75,85.75,91.5,96.25,99.25,103.5,108.5,106.5,94.5,81.5,74.5,71.75,71.5,73
"Hawaii","HI","State",,40,168,154,150,144.25,123.75,105.25,98.25,99.5,92.5,80.125,80.75,91.5,109.5,125.375,123.75,111.25,99.25,100.875,112.75,108.375,100.5,108.25,115.875,120.5,123.625,119.25,111.5,101.125,96.125,99.375,99.625,96.5,94.5,95.25,96.75,101.75,112.5,119.75,115,100.625,89.875,84.875,80.5,80.625,86.25,90.875,91.375,92.125,96.75,97.5,91,87.125,88,88.75,89.75,89.5,85.5,86,88.5,92.25,99.875,100.375,93.125,83.625,77.125,78,79.625,78.125,81,85.625,88.25,92.625,97.5,99.625,93.25,84.75,84.5,86.5,85.5,85,87.25,90,89.25,89.5,92.625,90.5,84.375,79.25,78.5,81,81.5,81
"Iowa","IA","State",,30,140.5,142.375,142.5,129.75,113.25,104.75,103.75,105.25,104.5,104.625,107.5,113.25,122.75,132.625,137.5,133.75,124.25,116.75,114.75,117.25,120.75,123,125.25,129.25,134.375,139.5,140.875,130,115.25,110,109.5,109,111.75,116.875,122.875,130.875,138.125,141.5,140.75,133,116.25,100.25,93.375,93,95.625,100.25,104,109,121,134,136,121.5,100.875,90,88.625,92,97.5,101,103.5,109.75,119.25,125,120.75,106.25,93.25,89.5,89.5,89.75,91,94.25,100.375,108.75,117.125,122,116.25,99.25,84.75,79.75,79,80,82.25,85.25,88.75,93,100.25,107.25,103,88.25,77.25,73.5,71.5,70
"Idaho","ID","State",,39,139,140.5,144.125,139.75,127.5,119.75,118,119.25,120.875,120.75,120.625,118.25,111.75,108.625,107,101.875,98.5,97.75,96.75,98.25,101,100.125,100.125,106.875,112.875,111,105,96.25,88.5,85,85.5,88.25,91.25,97.875,106.25,110.75,115.75,120.625,114,97,84,79.5,79,83,88.875,94,101.375,109.375,117.75,125.375,119.5,99,81.5,76.75,81.75,89.5,92.75,94.5,101.5,109.5,112.625,109.75,98.375,82.625,75,76.125,78.75,81.5,85.5,92,99,106.375,113.75,109.875,90.75,72.5,65.75,65.5,68.625,72.75,76.125,82.5,90.5,95.75,99.5,99,85.75,67.5,59.5,59,59.5,61
"Illinois","IL","State",,5,191.5,187.125,185.75,183,165.75,142,131.25,129,130.75,136.5,145.25,155,160.75,162.5,158.75,151.5,143.25,135,131.75,136,143.75,149,152,154.25,156.75,161,161.25,148.25,128,117.25,117,118.75,121.25,124.25,128,134.25,140.5,144.75,144.25,133.25,116.25,106.25,104.75,105,106.25,108.75,111.25,116.25,124.75,131.75,130.75,118.25,102.75,95.5,95.25,99.75,107.25,113.25,118.25,125.75,134.75,140,135.5,119,101.5,95.25,98,102.5,107.25,113.25,118.75,125,134.75,140.25,130,109.5,95.25,91.25,92,95.75,101,105,108.75,116.5,126.5,130,118.5,97.25,85,83.75,84.75,87
"Indiana","IN","State",,15,137,128,124.5,122.75,120.25,118,115.5,113.5,113.5,116.25,124.25,130.75,129.75,131,136,134.75,127.75,124.625,127,130.375,133.25,136.125,140,142,138,132.875,132,126,112.5,106,109.25,114,117,118.5,123,130,133.25,133.25,127.75,115,102.5,96,95.5,98.5,102.25,107.25,115,124.5,132.5,136.25,136.375,124.75,102.875,90.375,89.5,92.625,98.25,105,111.5,118.25,125.75,130.5,125.25,107.75,89.75,83,85.75,91.25,96,100.25,105.75,112,119.5,126.5,121,102.5,87,80.5,79.75,81.25,84,88.25,91.75,95.375,101,104.625,98.25,83.5,72.5,69,68.5,68
"Kansas","KS","State",,33,123.5,125,122.125,106.375,92.25,87.75,84.75,86.25,94.5,103.75,112.25,117.75,122.75,128.625,130.25,125.875,115.5,108.25,108.5,110,111.5,114,116.5,119.25,123.75,127.25,123.25,110.375,97.5,93.125,98.25,106,109,108.25,107.5,109.25,113.5,117.5,116.5,108.75,97.625,89.25,86.875,89.5,92.75,93.25,96,102.5,108.5,112.5,108.25,94,82.875,79,77.875,79.75,84.75,90.25,94.25,100,107,107.25,95.25,79.25,72.25,73.25,74.75,76,77.75,79.75,84.25,91.75,99.5,100.75,90.25,76.25,70.5,70.75,71,72,74.5,76.5,77.5,82,89.5,89.25,78.5,68.25,64.5,63.25,61.75,61
"Kentucky","KY","State",,26,122.5,129.125,133.25,129,121.5,116.5,111.25,109.25,110.5,112.625,118,125.625,127.75,123.625,122,117.875,108,100.5,97.375,103,115.375,121.5,123.25,130.25,136.5,141.25,142.25,129,114,108.75,109,111.125,111.5,109.875,111.5,119.375,126.25,125.625,120.25,113.75,107.75,103,100.875,101.75,104.125,107.5,112.5,118.5,125.25,133.5,137,126.75,108.5,96.5,94.25,97.25,102.625,106.75,109.625,117.25,127.5,130.75,123.375,108.25,94.125,88.75,88.5,89.5,93,98.125,103.25,108.625,115.75,121,113.25,93.75,79.25,76.5,78.25,80.5,84.75,88.75,90,91.875,96.75,99.125,92.25,80,72.25,69.5,68,68
"Louisiana","LA","State",,25,147,140.25,140,136.25,118.75,103.5,96.5,93.25,96.5,108,118.75,120,115.25,111.625,116.75,121.75,118,111.25,105.25,105.125,109.875,115.5,117.25,114,115.875,121.5,121.75,114.5,105.25,101.5,103.5,109.75,116.25,118.75,122.25,127.25,129.75,132.75,134.75,128,116,109.5,108.25,107,106.5,109.5,112.625,115,121.625,129.625,132.125,124.625,110.375,101,98.25,97.5,99.75,107.5,114.5,115.5,118.25,123.25,121.5,111.75,102.25,98,96,95.25,95.25,94.75,99.25,111,120.25,119.5,112.5,103.75,95,90.25,91.75,94.875,96.25,97.875,100.25,104.5,107.5,103.75,94,84.75,80,77.25,78,83
"Massachusetts","MA","State",,14,151,161.75,157.125,143,123.125,109.5,106.75,110,117.75,124,123.5,124.625,135.5,148.125,148.75,132,109,97,99.5,110.25,122.5,129,130.25,135.75,147.5,157.75,156.25,134.5,107.625,97.25,99.375,105.125,111,113.375,114.5,119.25,130,142.125,136.25,109.875,89.75,84.25,84.25,86.75,89.5,90.75,92.25,97.75,109.75,119.5,112,93.25,82.5,80.75,81.25,85.25,90.5,92.25,93.25,100.75,115.25,125.5,119.75,100.25,81.5,74,75.25,80.75,87,89,89.75,97.75,113.5,124,115.5,94.5,80.5,77.75,79.25,81,80,78,80.25,89.5,102.25,118,118.25,91.5,72.5,71,72.25,75
"Maryland","MD","State",,19,173,176,174.875,170.375,158.375,136.875,126,128.25,129,130,133,137.5,144.5,150.5,151.75,148.5,139.5,130.5,130.5,136,145.5,154.5,155.75,156.25,157.875,158.5,159.625,148.5,126.5,115.25,116.5,124,134.25,141,142.375,142.375,149.375,156.625,150.5,132.25,111.5,100,98.75,101.5,105,108,110,114.25,125.5,135,133.25,118.75,99.5,91.25,93.5,99.5,107.25,113,116.25,121.5,129.5,133.5,129.75,115.75,97.25,88.75,91.25,98.5,105.5,110,115,121.5,129.25,136,131.625,111.25,92.125,87.25,90,96.25,104,110.5,114.75,117.75,123.75,126.75,115.75,96.75,85.25,83,84.5,89
"Maine","ME","State",,41,153,157.5,162.375,173.5,163,130,106.75,102.5,113.5,128.5,141.375,157.125,174.875,179.75,173.625,170.375,154.625,125.25,107.375,112.75,130.125,153.5,173.875,173,168.625,178.625,185.875,166.875,128.375,108.5,112.25,119.5,123.75,128.875,146.125,164.875,173.375,178.75,169.5,145.75,132.375,125,112.375,108.5,120.25,135.75,146.5,160.25,171.125,173.5,182.125,181.5,153,115.375,98.25,104.625,116,127.75,141.625,156.125,171.875,181.875,184,180.375,156.75,118.375,96,98.75,112.25,128.5,145.75,157.5,168.75,185.125,190.75,172.5,140.25,112.875,98.5,97.5,107.25,120.75,130.5,134.5,144.125,165.5,178.125,158.125,117.5,88.25,79.5,83
"Michigan","MI","State",,8,149,149.75,149.75,146.75,138,126,115.75,109.5,109.75,119.25,130.75,132.5,129.5,128.25,127.25,126,120.5,114,111.75,113.75,119.75,129.75,138.25,138,134.5,133.5,134.25,128.5,114.25,106,107.25,111.75,117.75,129.5,141.5,140.75,136.75,138.5,136.75,125.75,111.25,101,97,98,101.5,110,118,118.25,121.25,127,128.5,120.75,102,87,83.75,87.75,95.25,109,122.25,124,125.25,131,128.5,112,92.75,83.5,83.75,87.75,93.25,103.5,113.25,117.25,121.25,124.25,118.25,101.5,86,79.75,79.75,83.75,88.25,91.75,96.75,103.25,108.875,110.25,100.875,84,72.25,68,68.25,71
"Minnesota","MN","State",,21,148,147.25,147.375,141.125,126.75,117.625,117,117.875,121.625,127.125,128.625,128.75,133,136.75,136.5,134,124.75,113.25,108.625,111,117.625,124.75,128.75,130.25,132.75,133.75,134,130,116.25,107,107.875,109.75,110.625,110,109.75,114.5,122.75,130.75,133.25,124,108.5,98.5,95.5,95.25,95.5,97,102.5,110.25,117.5,123.125,120.5,105.875,90.5,84,83.25,85,84.25,79.375,80.75,91.875,104,102.125,84.5,69.875,66.5,69,71.75,73.5,75.75,78.75,84.5,93.125,99.75,97.125,85.5,76,73,72.25,73,76,79.5,82.25,86,94.25,103.75,102,86.875,72.5,67.375,67.25,68.25,70
"Missouri","MO","State",,18,113.5,118.625,124.25,121,109.75,103.75,104.625,109.25,114.875,118.25,121.75,125.25,127.5,130.25,131.125,125.25,115.375,108.75,108,112.25,117.875,121,124.125,128.25,130.5,133,131.25,118.25,105,101.625,104.5,108.125,110.375,112.5,115.375,118.25,120.75,122.25,118.5,108.5,98.5,92.625,90,90.625,94,98.75,105,112.625,120.25,125.625,121.5,105.5,92,88.5,89.75,92.25,96.75,102.5,106,110.25,117.75,122,112.75,93.25,80,78,80.25,83.75,87.75,91,95.5,103.5,113.75,117,105.25,87.75,77.25,73.75,74.25,77.75,82.25,85.5,87.75,92.75,99.75,100.25,89.75,76.75,69.75,67,66.5,68
"Mississippi","MS","State",,31,139,126.5,136.125,141.625,132.25,120.875,111.5,108.375,109.5,111.875,116.25,121.5,128.5,133.25,134,132.375,129.5,126.25,126,131,133,127.625,126,131,132.75,136.25,133.25,120.25,116.75,117.75,118.25,121.75,124.125,125.5,127.375,135.25,144,139.875,132.75,130.625,122.25,113.5,115.75,119.5,119.875,120.25,122.625,130.25,139.5,145.25,139.625,123.625,114,112.875,111.875,115.5,122.5,124.625,122.875,124,128,128.375,123.625,115.75,112.25,113.75,115.25,116.25,116.25,113.5,112.75,116.75,121.5,125.875,122.25,111.625,104.25,100,98.5,100.5,102.75,104.25,106.5,112,118.25,117.5,110.875,104,97.125,91,87.75,87
"Montana","MT","State",,44,121.5,130.375,135.875,139.75,138.375,125.75,109.75,104.5,109,119.5,129.25,133.25,139.5,137.5,120.75,112.375,113.5,106.625,96.25,95,99.5,106.5,112.25,115.5,127.75,144,138.625,116,102.875,95.75,91.5,93.625,98.5,105.375,113.25,122.25,127.25,123.875,113.25,98.875,89,88.5,90.75,89.375,92.25,98.625,100.375,103.75,115.125,127.875,128.25,114.125,94.75,79.75,76.75,84.75,93,100,108.625,117.75,133.125,140.75,124.875,101.25,86.375,83.5,85.375,88.75,96.125,103.75,108.5,110.5,111.75,110.75,102.75,90.125,81.25,77.875,78.75,86.5,96.625,100.25,102.625,108.25,114.25,120.25,114.75,94.5,77,70.5,71,76
"North Carolina","NC","State",,10,171.5,169.625,170.125,165.5,146.75,129,124.25,127.25,133.375,140,146.625,152,155.75,156.5,149,139,132.75,129,132.5,141.25,148.75,155.75,161.625,162.75,161.125,158.75,154.75,143,124.75,116.75,120.25,125,129.25,133,135.5,137.75,139.75,141.75,138.75,125,109.5,103.25,104.25,106.75,109.25,112.5,118,125,131.5,135.25,131,116.75,102.5,98.5,100.5,104,110.5,116,119.75,127,135,137.25,131.5,116.75,101.75,97.25,98.5,100.5,105.25,109.75,112.75,118.5,124,123.25,113,97,86.75,84.25,85.5,89,92.25,96.75,102.75,107.75,113.25,113.75,101.5,85.5,77,73.75,72.5,73
"North Dakota","ND","State",,47,200,138.75,129.5,145.125,139.75,112.875,96.25,102.75,109.5,110.25,110.875,104.333333333333,100.75,108,101,109.166666666667,119.5,109.5,94.75,98.375,117.25,126.25,109.125,97,116.75,134,134.125,124.625,100.625,85.625,83.625,87.125,91.625,87.375,84.5,92.75,107.5,126.75,132.75,106.5,80.75,75,73,72.75,74,76,79.5,86,96.75,105.75,99.625,81.125,72.875,74.125,71.75,70.75,73.5,73.75,74.125,78.25,85.625,92.125,87.5,77.375,73.5,74.5,75,75.25,76.75,79.75,85.25,93.875,104,109.625,106.75,95.5,83.75,79.25,80.75,86,91.25,93.5,94.5,97,107.375,121.25,127,117.25,95.125,80,78.75,86
"Nebraska","NE","State",,38,126.5,138.75,143.5,135.125,119.125,108.375,106.375,105.375,106,110.75,118,120.5,117,121.5,130,125.5,108.5,97.75,98,100.25,104.75,112.625,122,129.375,131.5,128,117.5,104.75,98.875,96.5,95.5,97.625,100.125,102.875,105.5,109.25,115.5,122,119,103.75,92,87.5,82.125,77.25,78.125,85.5,92,96,104,108.75,101,87.25,77.75,74.125,74.75,76.75,77.5,79.625,83.25,90.25,98.25,97.25,87.375,76.5,70.875,69,66.75,66.5,69,71.75,74.5,79,88,94.75,87.5,73.25,66,65,65.25,66.5,69,71.5,73.75,77.5,82,80.25,70.75,63.25,61,59.75,58.75,59
"New Hampshire","NH","State",,42,115,133.25,146.25,148.25,136,119.75,111.25,111.75,110.75,107.25,109.25,119.125,134.75,141.875,142,140.875,126.125,110.625,108.625,116.5,130.75,144.25,152.375,156,167.875,182,173.125,147.625,127.125,115.125,112.25,119.75,129.5,137,144.75,154.25,158.75,160,158.75,139,111.75,98.5,96.75,102.5,111.5,119.25,125.75,133.875,144.625,151.5,154.875,144.75,116,94.125,89.25,92.625,101.375,112.125,123.125,137.875,150.5,156.625,154.125,130.25,98.125,83,83.25,90,100.25,109,114.75,124,135.75,146.25,149.25,129.25,99.5,86.75,86.75,90.75,97,101,102.75,108.625,121.625,142.375,145.375,110.5,79.75,73.25,73,76
"New Jersey","NJ","State",,11,181,182,186,188.75,176.25,153.25,139.5,137,143.25,154,162.25,170.375,180.5,188.375,192.125,191,177.875,155.5,142.25,146,159,172.25,180.5,187,196.25,202.25,199.25,190.5,175,154,143,145.5,152.25,161.5,172.75,182,189,194.25,193.5,178.75,152.5,133.5,127,127.75,133.25,137.25,139,144,152.375,160,163.875,155.75,134.75,117.5,113.75,119,127.25,134.75,140,146.25,154.5,158.5,157.75,150,132.75,118.75,116.25,121,129,137.25,142.5,146,150.75,153.75,152.25,142,124.25,113.75,114.5,119.75,126.25,131,134,139,145.25,148,144,131.25,116.25,109.25,109,110
"New Mexico","NM","State",,36,150,157.5,154,141.25,131.5,122.5,117,118.5,120.5,123.5,129.5,133.5,134.625,141.75,151.625,151,138.75,125.375,121,123.375,127.75,135,140.25,140.75,143,144.5,141.625,132.5,115.875,102.75,102,108.125,112.5,115.625,120,127.75,135.625,137.75,132.875,121.625,110,103.375,100.25,99.875,106.25,116.125,123.125,129.5,136.375,140.25,135.625,120.5,107.125,105.25,106.75,107.5,111.25,117.25,126.25,137.75,146,144.75,136.25,122.75,105,96,99.75,105.25,106.375,109,115.875,120.125,121.25,121.875,118,105.75,92.5,87,86.5,88,95,102.75,104.875,111,122.125,122.5,108.625,92,81.375,78.25,80.25,83
"Nevada","NV","State",,35,157,159.25,164.625,161.5,142.125,119.75,108.5,106.75,107.25,108.25,109,111.875,118.5,122.625,121.125,120.25,120.125,117.75,117.25,118.25,119.5,121.25,125,131.75,136.75,134,123.75,115.5,117.25,121.625,117.75,110.875,108.75,110.5,114.75,120.75,126.5,125.75,112.75,95.5,85.25,81,77.75,76.5,78.5,84.25,92.75,98.25,101.75,105.25,103.25,94.25,87.5,86,84.25,83.75,85.5,87.5,91,98.5,107.75,105.75,90.25,79.25,77.25,75.5,73.125,73,75.375,80.375,87.75,95.375,101.25,99.5,88,78,75.75,75.625,74.75,75.875,80,83.5,86,89.75,93.75,90.25,77.5,67.5,63.75,62.25,62.5,64
"New York","NY","State",,3,198,205.5,205.25,196.75,178.25,156.25,147.25,146,149.75,156.75,160.25,166,176.75,185,186.75,186.5,177.25,158.25,147.5,148.75,155.5,165.25,175,185.25,197.25,206.25,208.25,203.5,187,162.75,150.5,152.75,160.5,171.5,182.5,192,199.75,205.5,209.25,207.25,189.25,160,140.75,138,145.25,152.25,155.5,162,173.25,181.25,184,184.25,171.5,146.75,130.75,130.5,138.25,147,154.5,160.75,166.5,173,177.25,174.75,161.5,140.75,127.5,128.5,136.5,145.375,154,161.375,167.25,172.25,175.75,172.25,155.5,135.25,126.5,129,135,140.5,146,151,155.5,160.75,163.25,155.75,138.75,124.75,120,119
"Ohio","OH","State",,7,161.5,166.5,164.375,150.375,129.5,113.5,108.75,114,124,134,140.75,147.5,153.625,152.625,146.625,137.625,126.75,119.25,118.25,122.5,128.375,134,138.625,144,150.25,153,152.25,142.75,124,112,111.75,116.25,121.5,125.5,128,131.5,136.75,141.5,140.25,127.75,111.5,101.5,98.25,98.75,101,106,113.5,122,130.25,133.75,130,117.75,100.25,89.75,88.5,90.75,95.75,101.75,107.5,117,128.75,133.75,127.75,111.75,94.25,85.25,84.25,87.5,93,98.75,104,110.25,118.75,123.5,114.75,97,84.75,80.75,80.25,81.75,85,88.75,92.75,98.25,104.25,106.75,99,83.5,72.75,69,68.25,69
"Oklahoma","OK","State",,28,120,125,126.375,124.25,114.875,107.5,105,102.75,104.5,110,116.25,121.5,126.5,129,126.75,125.75,125.125,120.625,114.375,112.625,115.5,120.5,128.625,133,132.125,132.75,131.75,122.5,111,106.25,106,107,110.25,114.75,118,121,127.25,130.5,123.25,110,99.5,95.5,92.5,89.25,90,96.5,105,108.5,111,113.75,108.25,96,86.75,83.25,83.75,85.5,86.75,88.75,93.25,103,112,113.75,106.375,93.5,87.375,87.25,85.75,85.5,89.5,93,94.5,100.125,109.75,114.625,108.75,97,88.25,85.75,87,89.25,93,98.125,102.75,106.625,109.75,110.75,105.25,93.25,84.25,81.5,81,82
"Oregon","OR","State",,27,141.5,149.125,154.375,145.125,127.875,118.625,113.5,112.75,118.25,125.5,134.625,142.75,147.125,147.625,143.25,131.125,116.375,110.75,111.125,111.75,115,121.5,128.5,130.25,128.5,128.5,124.75,114.5,102.5,93.25,90.5,93.5,98.5,103.5,113.25,126.25,131.75,127,111.75,91.75,79,74.75,74.25,75.5,79.25,85.5,94.25,106,116.25,118.75,106.75,84.5,71.25,69.875,71.5,75.875,82.25,89.5,98,109,117.75,110.5,89,71.25,65.25,65.75,67,68.75,71.75,76.5,82.75,90,96,92,78,66.75,63,63.5,66.5,70.75,76,82,87.5,93.25,98.75,95.5,79.75,65,60.25,60.25,61.5,64
"Pennsylvania","PA","State",,6,138,148,150.5,143.75,128.25,116.75,114.5,115.5,119.75,124.25,128.25,137.5,149.5,157,159.25,153.75,138.75,125,120.25,122.75,130,137.25,143,152.5,161.5,164,165.5,158.75,138.25,122.25,118.25,119.75,125,129.5,130.75,135.25,144,150.25,151.25,140.5,118.75,104.75,104,107.5,111.75,115.25,117,122.5,133,141,144.25,135.5,114,98.75,97,101,107,114.25,120.25,125.75,134.75,143.75,145.5,133.75,112.5,99.5,98.25,101.25,106.5,111.75,116.25,123,132.5,140.25,139.25,124,104.25,94.75,94.5,97,100.25,103.75,107,111,117.5,122.75,118.5,105,91.75,85.25,84.25,84
"Rhode Island","RI","State",,43,176.5,178.125,172.625,163.875,143.625,124.125,120.25,123.75,131.5,139.25,144.5,151,159.125,168.375,172.625,168.375,152,129.75,119.5,127,141.25,148.25,155.75,165,164.875,163.875,169.875,164.125,142,129.75,129.5,130.25,134.125,143.25,155.25,167,172.875,169.125,167.125,162.625,140.125,115.25,105.25,108.25,115,116.25,115.75,126,145.5,156.875,158.25,146.375,119.25,100.375,96.125,99.375,109,116.5,120.375,128.25,138.5,148.5,156.125,145,114.625,92,88.625,96.75,106.875,112.75,118,124.875,132,139.875,141.25,126.25,105.125,93.25,90.125,92.75,99,103.5,106.5,115.25,125,134,134.125,110.25,86.125,79,78,78
"South Carolina","SC","State",,24,202.5,184.875,178.875,170.75,151.25,134.125,129.625,130.875,138.375,150,156.75,165,178.5,188.75,191.75,190.25,183,167,155.875,159.75,166.5,166.75,163.875,162.75,166.5,171.25,168.875,163.25,157.625,147.75,139,138.25,145,151.75,156,160,160.5,163.25,168.25,158.5,136.25,125.25,127,128,127.75,131.25,139,146.875,152.375,154.875,154.625,147.5,131.5,119,117.5,118.5,117.5,118,122.5,134.75,147,148.75,142.75,128.25,112,105.25,104.25,105.75,109.75,113.5,119,128.75,133.75,131,123.75,109.75,98.75,96.5,96.75,98.75,102.5,106.25,110,116.25,122,118,104.75,92.75,88.5,87.75,87.5,90
"Tennessee","TN","State",,17,158,156,156.5,155.375,147.75,131.875,118,117.5,122.75,127.5,140,154.5,158.25,157.5,155.5,146.75,136.25,130.25,128.5,131.5,136.75,140.5,145.25,149.75,151.25,151.5,148.5,137,121.25,113,114,118,121.25,124.25,128,131.75,135.25,138.25,136.25,125.25,111.5,104.75,106,107.75,107.5,110.5,115.5,121.25,128.75,134,132,118.5,102,95.25,96.25,99.75,105.25,110.75,115.5,122,129,132.25,133.5,129,116.75,107.75,103.25,100.5,100.25,101.5,106,115.25,125.5,129.25,119.75,102.5,89.5,83.75,84,87.25,91,94.25,96.25,99.5,106,109.75,102.75,89.25,78.25,72.25,70.75,71
"Texas","TX","State",,2,122,123.25,119.75,109.75,101,98.75,99.5,101.5,106.25,113,120.25,128.25,133.75,133.75,128.25,119.25,112.25,110,111,112.5,115,119.25,123.5,127,128.75,127.25,118,103,93.25,90.75,91.25,93.5,97.25,101.75,105.75,109.25,111.75,109.75,99.5,85.75,78,76.25,75.25,74.5,76.5,81.25,86,91,96.75,95.5,83.75,72.5,68.5,67.5,67.5,69.25,72.5,77,81.25,84.75,87.25,83.25,73.25,66.5,64.5,64.5,65.5,67,70.5,76.25,81.75,87,92.5,90.5,79.25,70,67.25,67,67,68.25,72.25,77.5,81.25,84.5,88.25,85.5,75,66.75,63.5,62.75,63.75,65
"Utah","UT","State",,34,146,151.25,144.875,135.75,128,113.25,101.5,104.25,109,112.25,116.5,118,119,120.75,122,120,112.5,107.75,110.5,112.5,112.75,114.5,115,116.375,120.25,119.125,109.25,97.25,91,92.25,95.25,98.375,104,110.875,118,124,130.375,134.25,124.375,104.75,93,88,83.25,82.25,84.25,87.25,91.25,99,108.5,111.5,106.25,94.75,84.75,82.625,83.75,87.125,90.5,91,93,99.75,106.5,102.75,89.75,79.25,78.5,82.75,84.5,84.25,83.5,83.75,86.5,94.125,104.5,103.125,87.25,74,70,70.25,71.25,70.75,71.5,76.25,81.5,85.25,92,97.375,88.75,73.125,64.75,62.5,62.5,64
"Virginia","VA","State",,12,133,135.75,134.25,122.25,106,97.25,96,98.75,103.75,109.5,112.75,116.75,127.5,135.5,131.5,118.25,104,96.75,96.75,101.75,110.5,118,122,125.375,130.25,133.125,123.5,104,91,88.5,91.25,96.5,101.25,103.25,105.25,111,117.75,118.25,106.25,88,77.25,76.25,79.25,81.75,83.25,85.75,90.75,99.25,109.25,111.5,99.75,83.5,76,77.25,82.25,89,95.25,100.25,105.25,113.25,122.25,124,111.25,90.25,78,77.25,81.5,87.75,94.5,101.5,108,115,123,126.25,114.25,91.75,78.5,77.75,81.25,85.5,89,92.5,97.75,104.75,110.25,107.75,92.75,75.25,68.75,70.25,72.75,75
"Vermont","VT","State",,48,193,238.75,232.25,206.875,178.875,151.25,133,115.375,115.375,134.5,155.5,169.5,170,175,196.375,216,194.875,144,123.125,133.25,145.625,160.5,184.75,200.125,207.5,213.625,196.875,186.875,197.375,178.875,146,145.5,155.875,156.875,162.125,175.875,186.875,192.5,207.375,212.875,190,165.75,149.25,136.125,136.25,142,151,169.25,182.25,183,183,186.75,171.375,140.125,127.625,127.125,130.75,147.25,166.5,179.75,194.5,207,205.5,201.625,201,179.625,147.5,138.25,145,155.875,167.25,186.125,211.5,216.125,210.25,215.875,204.5,170,146.75,139,138,144.25,160.875,186.125,203.625,203.75,193,188.375,179.5,146.375,118,112
"Washington","WA","State",,13,137,141,140,125.25,108.25,104.75,108,109.5,112.75,118,125.5,136.5,145,145.75,137.875,122.5,108.625,102.75,102,105.25,110.5,116.75,123.5,126.625,129.25,134.25,129.125,110.625,94.875,88.25,86,87.75,92.75,98,104.5,113,120,117.25,100.75,82.25,72.75,70,69.75,72.25,76.5,81.25,88.75,99.25,108.25,107.25,93.5,77.75,70,68.5,71,76.25,81.25,86.75,93,100.25,106.75,101.25,82.25,65.75,60.5,61.5,63.5,66,68.5,71.25,76.5,84.5,90.25,84.25,68.75,58,55.5,56.5,59.5,63,66.25,70.625,76,82.875,87.25,80,65,54.25,50,49.5,51,53
"Wisconsin","WI","State",,20,179,175.125,174,172.375,155,130.375,121,122.875,130.25,140,144.25,146.5,152.125,157,156.125,150.25,139,127,121.75,120.25,125.25,138.25,149,154.5,155,154.625,159.5,156.125,138,123.5,121,123.25,126.5,129.625,131.5,135.625,143.75,152.25,156.25,145.375,122.25,107.125,103.5,104.375,107.75,112.375,117.75,124.75,134.625,143.75,147.125,137.5,117.5,103,99.25,102.75,108.75,113.5,119.375,128,136.625,144.25,141.75,121,99.25,92,93.25,96.75,102,107.5,113,120.375,130.25,138.375,132.25,111,93,85.75,83.5,84.75,89.25,94.25,99.25,107.25,118.75,124.75,112.75,90.5,77.5,73.5,72.25,74
"West Virginia","WV","State",,37,157.5,170.5,171.25,167.125,149.875,130.5,124.625,125.25,133,140,142.25,145.5,147.5,153.625,160.75,154.75,141.25,137.375,142.5,138.5,128.75,130.125,137.625,142.125,140.125,133.5,127.25,122.5,116,109,107.75,110.25,111.5,115.5,127,136.25,139,148.25,159.75,149.25,120.5,102.875,101.25,103.875,109.625,118.5,123.625,129.75,142.75,153,156.5,149.25,127.75,107.5,102,105.75,113.625,117.75,117.875,127.5,143.75,151.5,146.5,134,116,100.75,97.5,100.5,107.375,120,128.75,133,137.375,138.75,133.5,119.625,104.5,96.125,96.25,102.25,109.25,116,126,136.5,141.25,144,143.5,130.5,110.75,97.5,94,96
"Wyoming","WY","State",,50,101,89.875,88.75,90.125,89,92,106,109.625,98,99.875,117.375,125,117.375,107.375,107.75,119.833333333333,108.5,76.3333333333333,74.125,81.75,92.375,97.75,100.25,106,109.25,109.5,106,97,96.25,92.75,86.125,91.5,95.75,95.5,95.625,92.875,93.125,106.875,117.875,106.375,89.75,84.125,86.125,85.25,85.625,91.5,95.75,101.875,105.75,106.875,106.75,96.5,84.25,78.25,74.75,77,84.375,90.625,94.625,95.75,95.75,93.625,86,79.125,75.5,76,80,80.375,80,83.625,88.75,101.125,113.375,109.5,98.125,87.5,80.25,78.25,79.875,85,90.125,93.375,99.5,109.75,116.75,116.875,110.25,97.25,84.25,75.75,73.5,79
