date,77002,77003,77004,77005,77006,77007,77008,77009,77010,77011,77012,77013,77014,77015,77016,77017,77018,77019,77020,77021,77022,77023,77024,77025,77026,77027,77028,77029,77030,77031,77032,77033,77034,77035,77036,77037,77038,77039,77040,77041,77042,77043,77044,77045,77046,77047,77048,77049,77050,77051,77053,77054,77055,77056,77057,77059,77060,77061,77062,77063,77064,77065,77066,77067,77068,77069,77070,77071,77072,77073,77074,77075,77076,77077,77078,77079,77080,77081,77082,77083,77084,77085,77086,77087,77088,77089,77090,77091,77092,77093,77094,77095,77096,77098,77099,77327,77336,77338,77339,77346,77354,77357,77365,77373,77375,77377,77379,77380,77381,77382,77384,77386,77388,77389,77396,77406,77407,77429,77433,77447,77449,77450,77479,77484,77489,77493,77494,77498,77530,77532,77545,77546,77598
2017-01,1,0,3,0,3,4,7,0,0,0,0,0,2,0,0,0,3,0,1,1,1,3,0,0,0,0,0,0,0,0,0,0,0,0,0,0,2,1,0,1,0,0,2,0,0,1,0,2,0,1,0,0,2,0,0,0,0,0,0,0,0,1,0,0,0,0,0,0,0,0,0,0,0,0,0,0,0,0,0,0,7,0,0,0,1,0,1,1,0,0,0,0,0,1,0,0,1,0,0,4,0,1,2,2,2,1,2,0,0,0,0,4,0,0,0,3,2,3,9,1,1,0,0,1,0,7,0,2,0,0,2,0,0
2017-01,1,0,8,0,1,8,3,1,0,0,2,0,4,0,0,0,2,0,0,3,1,5,0,0,1,2,0,1,0,0,0,1,0,0,0,0,0,0,0,1,0,0,3,0,0,1,1,0,0,1,1,0,4,0,0,0,0,0,0,0,1,2,0,0,0,0,1,0,0,1,0,0,0,0,0,0,2,0,0,0,4,0,0,0,0,0,1,0,0,1,0,0,0,0,0,0,1,1,0,1,0,1,0,1,3,1,4,0,0,0,0,2,1,0,0,1,6,5,10,0,3,0,0,0,0,8,1,2,0,0,1,1,0
2017-02,1,0,6,0,1,1,0,0,0,0,1,1,0,1,0,0,0,0,1,2,2,3,0,0,1,2,0,0,0,0,1,1,0,0,0,0,1,0,0,0,1,0,1,2,0,1,0,0,0,0,0,0,2,0,0,0,0,1,0,1,0,0,0,0,0,0,2,0,0,0,0,0,0,0,0,0,1,0,0,0,4,0,1,0,0,0,0,0,1,1,0,2,0,1,0,0,2,0,0,1,0,1,2,0,3,3,2,0,0,0,0,3,1,2,0,5,3,5,2,1,1,0,0,0,0,4,1,1,2,5,1,1,1
2017-02,0,2,3,0,0,3,2,1,0,0,1,1,1,0,1,1,2,3,4,1,2,0,0,0,0,1,0,0,0,0,0,0,0,1,0,0,1,0,0,1,0,0,3,0,0,1,0,0,0,0,1,0,1,1,0,0,0,1,0,0,1,0,0,0,0,0,2,0,0,0,0,2,0,0,1,1,3,0,0,0,2,0,0,0,0,0,0,0,0,0,0,0,0,0,0,0,0,2,0,1,0,1,2,0,5,0,0,0,0,0,0,4,1,1,1,3,2,0,4,1,1,0,0,1,0,3,0,1,0,0,0,0,0
2017-03,1,2,3,0,1,3,5,2,0,2,0,1,1,0,2,1,3,0,2,0,2,0,0,0,1,1,1,1,1,0,1,1,0,0,0,0,2,0,0,1,0,0,2,0,0,0,1,2,0,1,0,0,0,0,0,2,0,0,0,0,0,0,0,0,0,0,2,0,0,0,0,0,0,0,0,0,1,0,0,0,2,0,0,1,1,0,0,1,0,0,0,0,0,1,1,0,1,4,0,3,0,0,0,1,2,0,0,0,0,0,0,1,1,1,1,0,2,1,6,1,4,0,0,1,0,2,1,1,1,0,1,0,0
2017-03,0,1,2,1,1,2,9,6,0,0,0,0,1,1,0,1,3,1,1,0,1,0,0,1,1,2,1,0,0,0,2,0,0,0,0,0,0,0,0,2,0,0,2,0,0,0,2,1,0,0,0,0,2,0,1,0,0,0,0,1,0,1,0,0,0,0,0,0,0,0,0,0,0,0,0,0,0,0,0,0,4,0,0,0,1,0,0,3,0,1,0,0,0,0,0,0,1,1,0,1,1,1,0,0,1,2,2,0,0,0,0,1,1,0,0,0,3,2,6,2,1,0,0,2,0,6,1,0,0,2,1,0,0
2017-04,0,0,0,1,1,3,8,4,0,0,1,0,0,1,1,2,0,0,2,1,0,2,0,0,1,1,1,0,0,0,1,0,0,0,0,0,0,1,1,1,0,0,1,0,0,0,0,0,0,0,1,0,1,1,4,0,2,0,0,0,0,0,0,0,0,0,0,0,0,0,1,3,0,0,0,0,4,0,0,1,1,0,0,1,1,1,1,1,0,1,1,0,0,0,0,0,1,1,0,2,0,0,7,0,2,0,2,0,0,0,0,0,1,1,2,1,4,2,3,3,2,0,0,0,0,5,2,1,0,0,1,1,0
2017-04,0,1,1,1,1,6,4,4,0,0,0,0,0,1,1,1,0,1,3,0,0,0,0,1,0,0,0,0,0,0,0,0,0,0,0,0,0,0,0,0,0,2,3,4,0,1,1,0,0,1,0,1,3,1,1,0,0,0,0,1,0,0,0,1,0,0,0,1,0,0,0,2,0,0,0,0,1,0,0,1,0,0,2,1,1,0,0,0,1,2,0,0,0,0,0,0,2,0,0,2,0,2,3,0,0,1,3,0,0,0,0,2,0,0,3,0,1,1,3,2,6,0,0,0,0,5,1,2,0,1,1,2,0
2017-05,0,2,3,0,3,6,4,3,0,1,0,0,0,0,0,1,1,1,2,0,0,0,1,0,0,1,0,0,0,1,0,0,0,0,0,0,0,0,0,0,0,0,3,0,0,0,0,0,0,0,0,0,1,2,2,1,1,0,0,1,1,2,0,0,0,0,0,1,0,1,0,0,1,1,0,0,1,0,0,1,2,0,0,1,0,0,0,2,0,2,0,1,0,0,0,0,0,0,0,9,0,1,3,1,0,0,3,0,0,0,0,1,1,0,1,3,1,5,5,1,4,0,1,1,0,1,3,0,0,0,0,0,0
2017-05,1,1,3,0,1,6,7,2,0,1,0,0,0,1,1,0,2,3,0,0,0,0,0,0,2,1,0,0,0,1,0,0,1,0,0,0,0,0,0,1,0,2,2,1,0,1,0,1,0,0,0,0,4,1,1,1,0,0,0,0,2,2,1,0,0,0,0,0,0,0,0,2,0,0,3,0,0,0,0,0,2,0,0,1,3,0,2,4,0,2,0,0,0,0,0,0,0,2,0,0,0,3,3,1,2,3,1,1,0,0,0,1,0,1,0,2,4,2,8,2,2,0,0,0,0,6,3,1,0,0,0,0,0
2017-06,1,0,2,0,2,2,5,3,0,0,0,1,1,1,0,0,1,1,4,0,1,3,0,0,1,0,0,0,0,0,0,0,0,0,0,0,0,0,0,1,0,0,7,1,0,0,0,0,0,0,1,1,1,0,1,0,0,0,0,0,0,1,0,2,0,0,0,0,0,0,1,2,0,0,1,0,1,0,0,0,2,0,1,1,0,0,1,0,0,0,0,1,0,2,0,0,0,0,0,4,0,0,1,0,2,3,2,1,0,0,0,1,0,1,2,2,1,4,7,3,0,0,0,0,0,4,1,1,2,0,0,0,0
2017-07,0,2,3,0,2,4,2,5,0,1,1,0,1,0,0,0,2,2,2,0,2,1,1,0,0,1,0,0,0,0,0,0,0,0,0,0,2,0,0,0,0,0,3,1,0,2,0,0,0,1,0,0,2,2,1,0,0,0,0,0,0,3,0,0,0,0,0,0,0,1,0,1,0,0,0,0,1,0,1,0,0,0,1,0,1,0,1,3,0,0,0,0,0,1,1,0,2,0,1,5,0,0,3,0,1,1,3,1,0,0,0,0,0,0,2,4,3,1,3,3,1,0,0,1,0,1,2,1,1,2,0,0,0
2017-07,2,0,3,0,0,3,4,5,0,0,0,1,0,1,0,0,2,5,4,1,2,0,0,0,0,0,0,1,0,0,0,0,0,1,0,0,2,0,0,0,0,0,3,1,0,0,0,1,0,0,1,0,4,1,1,0,0,0,0,0,1,0,0,1,0,1,1,0,1,4,0,2,0,1,0,0,1,0,0,1,1,0,0,0,0,0,1,1,0,2,0,0,0,1,0,0,5,2,0,7,0,0,0,4,3,4,1,1,0,0,0,4,0,1,2,9,0,2,4,1,4,0,0,0,0,3,3,1,1,2,0,0,1
2017-08,0,0,3,1,1,4,1,3,0,0,0,1,0,1,0,0,2,4,0,0,2,0,2,0,1,1,2,0,0,1,0,0,0,1,1,0,1,1,0,1,0,2,2,1,0,1,1,2,0,0,1,0,4,0,1,0,0,0,0,0,0,1,0,0,0,0,0,1,2,0,0,0,0,0,0,0,2,0,0,2,1,0,0,1,0,0,1,1,0,0,0,0,0,0,0,0,1,1,1,3,1,1,7,1,1,2,0,0,1,0,0,2,1,1,1,0,3,2,3,2,6,0,0,0,0,5,2,1,1,2,0,0,0
2017-08,0,1,2,1,3,8,4,1,0,0,0,2,0,0,2,0,2,1,3,0,5,0,2,1,0,0,0,0,0,0,0,0,0,1,1,0,1,1,0,0,0,1,5,0,0,0,1,1,0,0,0,1,2,0,0,1,1,3,1,1,1,0,0,0,0,0,0,1,1,1,0,0,1,0,0,0,3,0,0,0,0,1,1,2,0,0,0,1,0,1,0,0,0,0,0,0,2,0,1,0,0,0,3,1,1,4,2,0,0,0,0,3,3,1,3,2,1,4,2,3,9,0,0,1,0,2,1,0,5,1,0,0,0
2017-09,0,1,1,0,2,3,2,2,0,0,0,0,0,1,2,0,2,1,2,0,1,0,0,0,0,1,0,0,0,1,0,0,0,1,0,0,1,1,0,1,0,0,1,0,0,2,0,0,0,0,0,1,5,0,2,0,1,2,0,0,0,1,0,0,0,0,0,0,0,2,0,0,1,0,0,0,1,0,1,1,2,1,0,1,0,0,1,1,0,0,0,0,0,1,0,0,1,0,0,2,0,0,2,3,1,2,0,0,1,0,0,1,2,0,5,1,1,2,2,1,3,0,0,2,0,1,0,0,0,0,0,0,1
2017-09,0,11,1,0,1,6,1,1,0,2,0,0,2,0,2,0,1,1,3,0,1,0,1,0,1,0,0,0,0,0,0,0,0,1,0,0,0,0,0,0,0,0,3,2,0,1,1,2,0,0,0,0,6,0,0,1,0,0,0,1,0,0,0,0,1,1,1,0,0,2,0,1,0,1,0,0,2,0,0,0,3,0,0,1,0,1,2,1,1,0,0,0,0,2,0,0,2,0,2,7,0,2,2,2,1,3,1,1,0,0,0,3,0,1,1,1,1,1,11,0,6,0,0,1,1,1,0,1,1,1,0,0,0
2017-10,0,11,2,0,1,6,1,2,0,1,0,0,0,0,2,1,5,1,3,0,2,0,1,0,0,1,0,0,0,0,0,0,1,1,0,0,0,0,2,0,0,1,2,1,0,1,0,0,0,0,1,0,5,0,1,1,0,0,0,2,0,0,0,1,1,0,1,0,0,0,0,3,0,1,0,0,0,0,1,0,1,0,0,1,0,0,1,2,0,0,0,0,0,1,0,0,2,0,2,4,0,2,1,2,2,3,1,1,0,0,0,3,3,0,0,0,4,1,3,0,0,0,0,1,1,3,0,1,0,0,0,0,1
2017-10,0,3,0,0,0,6,8,3,0,1,0,0,1,0,1,1,1,1,1,0,3,1,0,1,0,0,0,0,0,0,0,0,0,0,0,1,2,0,0,1,0,1,3,1,0,1,3,1,0,1,1,0,2,0,0,0,0,0,0,1,0,0,0,1,0,1,0,0,0,2,0,2,0,1,0,0,0,0,0,1,1,0,0,0,3,0,0,2,0,1,0,1,0,1,0,0,1,1,0,1,0,1,2,0,3,3,1,0,0,0,0,2,2,0,4,0,3,3,3,3,1,0,0,0,1,7,3,1,0,1,0,0,0
2017-11,0,3,2,0,2,3,3,6,0,2,0,0,1,1,1,0,3,3,0,2,2,0,0,2,0,2,0,0,0,0,0,0,0,0,0,0,2,1,3,1,0,1,2,0,0,0,1,3,0,0,0,1,4,0,3,0,0,1,0,1,0,0,1,1,0,0,0,0,0,1,1,0,0,1,0,0,3,0,1,0,0,0,0,0,0,1,2,2,2,1,0,1,0,2,1,0,1,0,0,1,0,0,3,1,2,0,1,0,0,0,0,0,0,3,2,0,1,4,2,2,3,1,0,0,1,5,3,1,1,0,0,0,0
2017-11,1,2,3,0,0,7,3,5,0,1,0,1,1,0,0,0,1,1,0,0,1,1,1,0,2,1,0,0,1,0,0,0,0,0,0,0,1,0,1,0,0,0,2,1,0,0,0,0,0,1,0,1,0,1,2,0,1,1,0,0,3,0,0,0,0,0,0,0,0,1,1,0,0,1,0,0,4,0,0,0,1,2,1,0,1,1,1,0,1,1,0,0,0,2,0,0,1,0,1,0,0,0,1,3,0,2,1,0,0,0,0,1,0,1,0,6,0,0,1,2,3,2,0,0,0,5,1,1,3,0,0,0,0
2017-12,1,2,2,0,0,5,4,3,0,0,1,2,0,0,1,0,0,1,0,1,0,0,0,1,1,2,0,0,0,0,0,0,0,0,0,0,0,0,0,0,0,0,1,0,0,0,0,0,0,0,0,0,2,1,1,0,1,0,0,0,2,0,0,0,0,0,1,0,0,1,0,2,0,1,0,0,1,0,1,1,0,1,0,0,1,0,1,1,1,1,2,1,0,1,0,0,1,1,1,4,0,2,1,0,1,1,1,0,0,0,0,1,2,4,3,2,5,1,4,4,2,0,0,0,0,4,1,1,0,0,0,0,0
2018-01,1,4,4,1,0,7,5,0,0,0,0,0,0,1,0,0,2,1,3,0,2,0,0,1,2,2,0,1,0,0,1,0,1,1,0,0,0,0,0,1,0,0,0,0,0,0,1,0,0,0,1,0,3,0,1,1,0,0,1,0,0,0,0,0,0,1,0,0,0,1,1,1,1,1,0,0,2,0,0,0,2,0,0,0,2,0,1,2,0,1,0,0,0,0,0,0,2,2,1,2,0,0,2,0,0,2,3,0,0,0,0,3,0,1,1,0,4,1,2,0,4,0,0,0,1,1,2,1,2,1,0,0,0
2018-01,1,3,3,1,1,5,3,1,0,0,0,0,1,0,2,0,4,1,0,1,0,0,0,1,1,0,0,0,1,0,1,0,0,1,0,0,0,0,0,2,0,0,2,0,0,0,1,0,1,0,2,0,2,1,1,0,0,2,0,0,1,0,0,1,0,1,1,0,0,1,0,1,0,0,0,0,2,0,0,1,2,0,0,0,0,0,0,0,1,1,0,0,0,1,0,0,2,1,0,3,0,0,3,0,0,2,0,0,0,0,0,0,0,0,1,1,7,1,2,1,1,0,0,0,0,4,1,0,1,2,1,0,0
2018-02,0,5,0,1,1,5,5,1,0,1,0,0,0,1,1,0,1,3,1,4,1,1,0,0,1,1,0,0,1,0,0,0,0,0,0,0,0,0,0,0,0,0,1,0,0,0,2,0,0,0,1,0,1,1,0,0,0,0,0,0,3,0,0,0,0,0,0,0,0,1,0,0,2,0,0,0,3,1,1,2,5,0,1,0,1,0,0,1,1,0,0,0,0,0,1,0,1,0,0,2,0,0,4,0,0,5,3,0,0,0,0,2,1,0,3,3,6,1,2,1,0,0,0,1,0,4,2,0,1,0,1,0,0
2018-03,1,2,1,0,3,9,2,3,0,0,1,0,1,0,1,0,1,4,2,0,2,1,0,0,0,0,1,0,1,0,0,0,0,1,1,0,0,1,0,1,0,2,1,3,0,1,1,2,0,2,0,0,2,1,0,0,0,0,0,2,0,0,1,0,0,0,0,1,0,1,0,0,1,0,0,0,1,0,0,2,1,0,1,0,4,0,0,2,0,1,0,0,1,1,0,0,0,3,0,7,0,1,1,0,1,2,1,0,0,0,0,0,1,1,2,2,3,4,1,4,4,0,0,1,0,3,0,1,2,1,1,0,0
2018-03,1,3,0,0,3,6,4,3,0,2,1,0,1,0,1,0,4,1,1,0,0,1,0,0,0,0,1,0,1,0,0,0,1,1,0,0,1,0,1,2,0,2,1,2,0,2,0,1,0,1,0,0,4,0,0,1,0,0,0,1,2,1,1,0,0,1,0,1,0,1,0,1,0,1,0,0,2,0,0,4,2,1,0,0,0,0,0,3,1,2,0,0,1,2,0,0,0,1,0,6,0,2,1,0,1,7,1,0,0,0,0,0,0,2,3,3,6,1,4,0,7,1,0,0,0,2,3,0,0,0,0,0,0
2018-03,2,4,1,0,0,5,2,4,0,0,1,0,1,0,1,1,5,1,0,1,0,1,0,0,0,0,0,1,2,0,2,1,2,3,0,0,3,0,0,1,0,0,2,2,0,4,1,0,0,1,1,1,2,0,0,1,0,0,0,1,2,1,1,0,0,2,0,1,0,1,0,0,0,0,0,0,1,0,0,2,0,0,0,0,2,0,1,3,1,1,0,0,1,1,0,0,1,1,0,0,0,0,2,2,1,8,0,0,0,0,0,0,1,1,2,5,1,2,6,1,7,0,0,0,0,1,2,1,2,0,0,0,0
2018-04,0,2,3,0,0,4,0,4,0,0,0,1,1,0,2,0,4,2,5,1,0,2,1,1,0,2,0,1,1,0,0,1,1,3,1,0,3,0,0,1,0,1,5,0,0,1,1,1,0,1,0,1,1,0,0,0,0,0,0,2,1,0,2,0,0,2,0,0,0,2,0,1,0,0,0,0,1,0,0,2,1,0,0,0,0,0,0,2,1,0,0,0,0,0,0,0,1,0,0,6,0,2,0,0,0,4,0,0,0,0,0,1,0,1,1,1,1,2,11,0,6,0,0,1,0,6,1,2,1,1,0,0,0
2018-04,1,0,4,0,4,6,3,5,0,2,0,0,0,0,0,0,3,0,4,2,2,2,1,0,0,1,1,1,2,0,0,1,0,0,0,0,2,0,0,0,1,1,6,2,0,2,2,2,0,2,0,0,0,0,1,0,1,0,0,2,2,0,2,0,0,0,0,0,0,0,0,1,1,0,0,0,1,0,0,0,0,0,0,0,2,0,0,2,0,1,0,1,0,1,0,0,2,0,1,4,0,4,4,1,1,7,0,0,0,0,0,2,0,3,0,6,4,2,5,1,4,0,0,2,0,5,0,2,0,2,0,0,0
2018-05,0,0,1,0,2,5,8,4,0,0,1,0,0,0,2,0,2,1,5,1,1,1,1,0,1,0,1,1,2,0,1,0,1,1,0,1,1,0,2,0,1,2,8,1,0,2,0,2,0,1,0,0,0,1,1,0,0,0,0,1,0,0,2,1,0,0,1,0,1,0,0,0,0,0,0,0,2,0,0,0,2,0,0,0,0,0,1,0,1,3,0,1,1,1,0,0,2,0,0,3,0,1,2,1,4,6,1,1,0,0,0,1,2,0,0,4,6,1,4,1,3,0,0,1,0,9,1,1,3,1,0,0,0
2018-05,0,0,1,0,2,7,8,1,0,1,0,0,0,0,3,0,0,3,0,0,1,0,0,0,0,0,1,0,0,0,1,1,1,1,0,0,0,0,0,0,1,2,1,2,0,1,1,2,0,1,0,1,2,1,1,0,1,0,0,1,0,0,1,0,0,1,0,0,0,2,0,1,2,0,0,0,3,0,1,2,1,0,0,0,0,0,2,1,1,3,0,1,1,3,0,0,1,0,0,1,0,0,0,0,4,6,0,0,0,0,0,1,3,2,0,5,5,1,7,2,2,1,0,1,0,3,0,1,0,1,0,0,0
2018-06,0,1,3,0,2,4,1,0,0,0,0,0,0,0,0,0,2,0,1,1,1,0,0,0,0,0,1,0,0,1,0,1,0,1,0,0,0,0,0,0,0,1,2,0,1,0,2,0,0,2,0,2,4,0,0,0,0,0,0,2,0,0,1,1,0,1,0,0,0,1,0,0,2,0,0,0,2,0,1,0,2,0,0,0,0,0,2,2,0,3,0,0,0,0,0,0,0,0,1,0,0,0,3,1,1,2,3,2,0,0,0,0,0,2,0,0,2,1,5,1,3,0,0,1,0,4,0,1,2,2,0,2,0
2018-06,0,2,2,0,3,5,4,1,0,0,0,0,0,0,1,0,1,2,3,1,0,1,0,0,0,0,2,0,0,0,0,0,0,0,0,0,1,0,1,1,0,1,2,0,0,0,3,0,1,0,0,0,2,0,2,1,0,1,0,0,1,0,0,0,0,1,1,0,0,3,0,1,0,0,0,0,4,0,0,0,0,0,0,0,1,1,0,0,1,1,0,0,0,1,0,0,1,0,0,3,0,0,1,4,4,0,0,0,0,0,0,2,3,4,1,0,6,0,2,0,11,1,0,0,0,1,1,1,0,4,0,1,0
2018-07,1,0,2,0,3,6,3,2,0,1,0,1,0,0,2,3,2,0,3,2,0,2,0,1,0,1,2,0,1,0,1,1,0,0,0,0,1,0,1,1,2,1,4,0,0,1,1,0,0,1,0,0,1,1,0,0,0,1,0,0,0,0,0,0,0,0,1,0,0,1,0,2,0,0,1,0,1,0,0,0,5,0,0,0,2,1,0,2,0,1,0,0,0,0,0,0,0,0,1,1,0,3,1,1,1,2,2,0,0,0,1,0,4,1,0,6,3,0,11,2,7,0,0,1,0,2,2,1,0,2,0,0,0
2018-07,0,2,1,0,0,6,2,1,0,1,1,0,0,0,0,3,4,2,3,0,1,0,0,0,1,0,1,0,3,0,2,0,0,0,0,0,1,1,0,0,0,0,2,1,0,2,1,2,0,2,0,0,6,1,1,0,0,1,0,0,1,0,1,0,0,0,2,0,0,1,0,2,1,0,1,1,3,1,0,0,2,0,1,0,1,0,0,5,0,3,0,1,0,1,0,0,0,0,0,4,0,2,2,2,1,2,2,1,0,0,0,0,0,1,1,2,3,1,8,6,2,1,0,2,0,4,0,0,1,0,0,0,0
2018-07,1,2,1,0,2,2,5,0,0,3,2,0,0,0,1,3,3,1,2,2,1,1,0,0,1,0,1,0,2,0,2,1,0,1,0,0,2,0,0,0,0,0,2,1,0,2,1,1,0,3,0,0,2,0,0,0,0,0,0,0,1,0,2,0,0,0,1,0,0,4,0,1,0,1,1,0,3,1,0,0,1,0,0,1,0,1,0,3,0,1,0,0,0,4,0,0,3,1,0,5,0,1,1,4,1,4,0,0,0,0,0,0,0,2,1,1,3,2,4,1,2,0,0,0,0,3,0,0,1,2,0,0,0
2018-08,0,3,2,0,4,6,6,2,0,2,1,1,0,1,0,0,2,1,0,0,1,0,0,1,2,0,3,0,0,0,1,0,1,0,0,0,1,0,0,0,0,0,2,0,0,0,0,2,0,1,0,0,2,0,1,0,0,0,0,0,0,1,0,0,0,0,0,0,0,1,0,1,1,0,2,0,1,0,0,4,0,0,0,0,1,0,0,2,1,0,0,0,1,4,0,0,4,1,0,7,0,0,4,1,3,3,0,0,0,0,0,0,0,1,1,1,10,1,6,4,5,0,0,0,0,2,0,0,0,3,0,0,0
2018-08,1,10,1,0,1,8,9,4,0,3,0,0,0,3,0,1,1,2,0,1,2,3,0,1,3,2,1,1,0,0,0,0,1,0,0,0,0,0,0,0,0,0,2,1,0,0,1,1,0,0,0,1,2,1,1,0,0,0,0,0,0,1,1,0,1,1,0,0,0,1,0,0,0,0,1,0,2,0,0,4,2,1,0,0,0,0,0,1,0,1,0,0,0,2,0,0,5,0,0,5,0,0,0,3,1,3,3,0,0,0,0,0,0,2,1,0,6,3,8,1,2,0,0,0,0,4,1,0,1,1,0,1,0
2018-09,1,2,2,0,3,6,6,8,0,2,0,0,0,0,1,2,4,6,2,0,1,2,0,2,3,4,1,0,0,0,0,0,0,1,0,0,0,0,0,0,0,2,2,1,0,0,1,0,0,1,0,0,2,0,3,0,0,1,0,0,0,0,1,0,1,0,2,1,0,0,0,1,0,1,0,0,3,0,0,2,1,0,0,0,1,0,0,0,0,2,0,1,0,2,0,0,2,1,0,3,0,0,2,0,2,1,1,1,0,0,0,1,0,1,0,1,3,1,6,4,2,0,0,0,1,1,3,1,0,1,0,0,0
2018-09,0,2,1,0,0,7,5,5,0,4,0,0,0,0,0,0,2,3,3,2,1,2,1,1,0,5,0,0,0,0,0,0,0,1,0,0,1,0,1,1,0,1,0,1,0,0,1,0,0,1,1,0,1,0,3,0,0,0,0,0,1,0,1,0,0,0,0,1,0,1,0,1,1,1,3,1,0,0,0,0,5,0,0,0,2,0,0,3,0,2,1,0,0,0,1,0,0,1,0,0,0,1,1,4,0,3,2,0,0,0,0,1,0,3,1,5,6,1,4,4,1,0,0,0,1,2,2,1,0,2,0,0,0
2018-10,1,3,4,0,0,5,4,4,0,1,0,0,0,1,0,0,4,4,9,0,2,1,0,0,0,2,0,0,0,0,0,0,1,1,0,0,0,0,1,0,0,0,0,0,0,0,2,0,0,2,1,0,3,0,1,0,1,0,0,1,1,0,0,0,0,0,0,0,0,2,0,0,1,0,0,0,1,0,0,0,4,1,0,1,0,0,0,3,1,1,0,0,0,0,0,0,1,0,0,2,0,0,3,1,2,0,5,0,0,0,0,0,1,2,0,1,0,1,2,1,2,0,0,0,0,5,1,1,0,4,1,0,0
2018-10,0,2,4,0,2,3,4,7,0,0,0,0,0,2,0,0,0,2,4,1,2,1,1,0,0,2,0,0,0,0,0,0,1,0,0,0,2,0,0,0,0,0,0,0,0,0,0,0,1,2,1,0,2,0,1,0,0,0,0,0,0,0,1,1,0,0,0,0,0,1,0,0,1,0,0,0,2,0,0,1,1,1,0,0,2,0,1,1,0,0,0,0,0,2,0,0,0,1,0,5,1,0,2,1,1,3,3,0,0,0,0,0,1,2,0,2,2,3,8,0,3,0,0,0,0,7,3,0,0,5,0,0,0
2018-11,0,3,2,0,1,6,3,6,0,0,0,0,0,0,1,0,2,3,1,0,4,0,0,0,0,0,0,1,1,0,1,0,1,0,0,0,0,0,0,0,0,1,1,0,0,0,0,1,0,2,1,1,1,1,1,0,0,0,0,0,2,0,0,1,1,0,0,0,0,2,0,0,1,0,0,0,1,0,0,1,3,1,0,0,1,0,1,4,0,0,0,1,0,0,0,0,1,1,0,3,0,0,1,0,1,2,1,0,0,0,0,0,3,0,0,0,1,1,15,2,2,0,0,0,0,6,2,1,0,2,0,0,0
2018-11,0,3,1,0,1,5,4,0,0,3,1,0,0,1,3,0,4,1,1,0,2,1,1,0,1,0,0,1,1,0,1,1,0,0,0,1,0,0,0,0,0,0,0,0,0,0,0,0,0,1,0,0,1,1,1,0,0,1,0,0,0,1,0,1,0,0,3,0,0,2,0,2,1,0,0,0,3,0,0,0,2,0,0,2,1,0,1,1,0,1,0,0,0,0,0,0,0,0,0,4,0,0,2,0,0,1,1,1,0,0,0,1,0,0,2,2,3,2,4,2,1,0,0,0,0,3,0,0,1,1,1,0,0
2018-12,0,0,1,0,1,6,0,4,0,2,0,0,0,0,1,0,2,0,3,1,0,0,0,0,0,0,0,0,0,0,0,0,1,0,0,1,1,0,0,1,0,0,0,1,0,1,0,0,0,2,1,0,2,0,1,0,1,2,0,1,1,0,2,0,1,0,1,0,0,2,0,1,1,0,0,0,4,0,1,3,3,1,0,0,0,0,2,0,0,1,0,2,0,1,0,0,0,0,0,2,0,0,0,1,0,4,1,0,0,0,0,1,2,1,1,1,3,0,3,0,5,0,0,0,0,8,0,0,0,1,1,0,0
2019-01,0,2,2,0,0,2,5,4,0,2,0,0,1,0,0,0,0,2,0,2,0,0,0,0,0,2,1,1,0,0,0,1,1,0,0,0,0,0,3,0,0,0,2,1,0,1,0,1,0,0,3,0,2,0,0,0,0,0,0,1,0,0,2,0,0,0,0,0,0,0,0,1,0,0,0,0,2,0,0,2,1,1,0,0,2,1,0,0,0,3,0,2,0,1,0,0,1,0,0,3,0,0,1,1,0,4,1,1,0,0,0,2,1,0,1,2,4,2,3,6,4,0,0,0,1,7,2,2,1,1,0,0,1
2019-01,0,4,2,1,3,1,4,6,0,2,0,0,1,0,0,0,2,2,2,1,1,0,0,0,0,1,1,1,0,0,0,1,0,1,0,0,0,0,3,2,0,0,0,1,0,0,0,1,0,0,1,1,2,1,0,0,0,0,0,1,0,0,0,0,0,0,0,0,0,1,0,0,0,1,2,0,0,0,1,0,1,0,0,0,0,1,1,0,1,2,0,0,0,0,0,0,2,0,2,1,0,0,1,1,0,7,0,1,0,0,0,0,1,1,1,2,0,2,4,1,1,0,0,0,1,2,4,1,0,4,0,0,0
2019-01,0,0,2,1,3,2,2,4,0,2,0,1,0,0,1,0,3,2,2,2,0,0,2,0,0,0,1,1,1,0,0,0,1,0,0,0,0,0,1,1,0,1,2,1,0,0,0,3,0,0,1,0,4,1,0,0,0,0,0,1,1,0,0,0,0,0,1,0,0,0,0,2,0,1,0,0,2,0,1,0,0,0,2,0,1,1,0,0,1,1,0,0,0,1,0,0,2,0,0,0,0,0,4,4,0,5,3,1,0,0,0,0,1,4,2,5,0,2,4,0,3,0,0,0,0,7,1,0,0,4,0,1,0
2019-02,1,3,1,0,3,2,2,4,0,2,0,0,2,0,0,0,1,2,1,1,3,1,0,1,0,0,0,0,1,0,1,0,1,0,0,0,1,1,0,1,1,0,1,2,0,1,0,1,0,1,0,0,2,0,1,0,0,0,0,0,2,0,0,0,0,0,2,0,0,0,0,1,0,0,1,0,1,0,0,0,1,0,0,0,1,0,0,3,0,1,0,0,0,1,0,0,0,2,0,2,0,0,1,3,0,4,4,0,0,0,0,1,1,1,3,2,1,2,3,4,2,0,0,0,0,7,1,0,0,3,0,0,0
2019-02,0,1,2,0,2,5,5,0,0,0,0,0,0,0,2,0,2,1,1,2,1,1,0,0,1,0,0,0,1,0,0,0,0,1,0,0,0,0,0,0,0,1,1,1,0,1,1,1,0,0,0,3,0,0,0,3,0,0,0,0,1,1,0,0,2,1,1,0,0,2,0,0,1,0,0,0,4,0,1,0,3,0,1,2,2,0,1,2,1,0,0,2,0,0,0,0,0,3,1,2,0,2,5,0,1,2,2,0,0,0,0,3,2,1,1,6,4,1,1,1,3,0,0,1,0,1,2,0,3,1,1,0,0
2019-02,0,3,2,0,1,4,3,1,0,0,0,0,2,0,0,0,2,1,2,2,1,1,0,0,0,0,0,0,0,0,0,0,0,0,0,0,1,1,0,3,0,0,1,0,0,1,3,1,0,0,0,0,1,2,2,1,0,0,0,0,0,0,2,0,0,0,1,0,0,0,0,1,0,1,0,0,0,0,0,0,2,0,0,0,1,1,0,2,0,3,0,0,1,0,0,0,2,0,1,5,2,0,5,4,1,0,1,0,0,0,0,1,0,4,0,2,4,3,8,0,3,0,0,0,0,9,1,1,0,2,0,0,0
2019-03,2,4,2,2,2,4,4,14,0,0,2,0,0,0,6,0,0,0,2,0,4,0,2,6,0,2,4,2,2,0,0,0,2,0,0,0,0,0,0,4,0,2,2,0,0,6,6,4,0,2,0,2,0,2,2,2,0,0,0,0,0,2,6,0,0,2,0,0,0,2,0,0,2,2,4,0,0,0,0,0,2,2,0,0,4,0,0,6,0,0,0,0,2,2,0,0,4,0,0,4,2,4,6,4,2,4,8,2,0,0,0,2,0,12,2,6,6,2,10,2,6,0,0,0,0,16,2,2,0,0,0,0,0
2019-03,0,2,2,0,3,2,3,6,0,0,0,0,0,1,1,1,1,2,4,1,1,1,1,1,0,1,1,0,0,0,0,0,2,0,0,0,2,0,0,0,0,2,2,0,0,2,2,1,0,1,1,0,1,0,2,0,0,0,0,0,1,0,3,0,0,0,0,0,0,2,0,0,0,1,0,0,2,1,0,1,1,1,1,0,1,0,3,0,1,2,0,0,1,1,0,0,0,0,0,3,1,2,1,2,0,4,2,0,0,0,0,0,0,1,0,4,1,2,5,0,1,0,0,0,0,4,0,0,0,0,0,0,0
2019-04,0,3,5,0,3,3,1,3,0,1,2,0,0,0,1,0,3,4,4,2,1,1,0,1,0,0,3,0,1,0,0,1,2,0,0,1,0,0,0,0,0,1,1,2,0,0,2,0,0,0,1,2,1,0,2,0,0,0,0,0,1,1,1,0,2,0,0,0,0,0,0,0,0,0,0,0,3,1,0,0,1,1,0,0,0,0,4,3,2,1,0,1,0,0,0,0,0,0,0,5,1,1,2,3,3,4,1,0,0,0,0,0,0,3,1,2,0,0,8,0,2,0,0,0,1,5,0,1,0,0,0,0,1
2019-04,0,2,3,1,2,2,2,3,0,1,0,0,0,0,0,0,4,1,2,2,0,0,0,0,1,0,1,1,1,0,0,0,2,0,0,1,0,0,1,0,0,0,2,0,0,1,0,0,0,0,0,1,2,0,1,0,0,0,0,0,1,0,3,1,2,1,0,0,0,0,0,0,0,0,0,0,4,0,0,0,0,1,0,1,4,0,3,2,0,1,0,0,0,1,0,0,1,1,0,1,0,0,2,3,2,1,2,0,0,0,0,0,0,2,1,2,1,0,5,1,3,0,0,0,0,1,1,1,0,2,0,0,1
2019-05,0,0,1,0,4,4,3,6,0,3,0,0,1,0,1,0,2,1,3,3,0,0,1,0,0,1,0,0,1,0,0,0,0,0,0,0,0,1,0,0,0,0,0,0,0,0,2,1,0,0,0,0,2,0,2,0,1,0,0,0,1,1,4,0,2,0,0,0,0,1,0,1,0,0,0,0,0,0,0,0,3,0,0,0,0,0,2,3,0,1,0,0,0,1,0,0,1,1,2,1,0,1,0,2,4,4,0,0,0,0,0,0,0,2,0,2,2,1,4,2,2,1,0,0,0,6,0,1,0,1,0,0,0
2019-05,0,0,1,1,3,4,4,1,0,2,1,0,2,0,0,0,3,2,4,0,0,0,0,0,0,1,0,1,0,0,0,1,1,0,0,0,1,1,0,2,0,0,0,0,0,0,0,1,0,0,1,0,3,0,2,0,0,0,0,0,0,0,2,1,0,1,0,0,1,0,0,1,1,0,1,1,1,0,0,0,2,1,0,0,3,0,1,2,0,1,0,1,0,0,1,0,0,0,0,2,2,0,5,0,1,4,0,0,0,0,0,1,0,5,2,4,1,3,11,0,0,0,0,0,0,7,0,0,0,1,1,0,0
2019-06,0,0,3,0,3,4,2,2,0,0,0,0,0,0,0,0,3,3,1,4,1,0,4,0,0,1,0,1,0,0,0,0,1,0,0,0,1,1,0,0,1,1,1,2,0,3,2,0,0,0,0,0,0,2,2,0,0,0,0,0,1,0,2,0,0,1,1,0,1,0,0,0,0,0,0,0,1,0,0,0,2,0,0,0,0,0,0,1,1,1,0,0,0,0,0,0,0,0,1,2,0,0,0,0,2,5,1,0,0,0,0,1,0,1,0,2,2,2,2,2,3,0,0,0,0,2,0,1,0,0,0,0,0
2019-06,0,0,4,0,1,1,3,3,0,2,0,1,0,0,3,0,4,2,2,4,1,0,0,0,0,2,1,0,0,0,0,0,0,0,0,0,0,0,2,1,1,1,0,1,0,2,2,2,0,0,0,1,0,3,1,1,0,0,0,0,0,0,3,0,0,1,0,0,0,3,0,0,0,0,0,1,4,0,1,0,0,0,0,0,0,0,0,0,0,1,0,2,0,0,0,0,0,0,1,1,0,0,1,2,2,1,1,1,0,0,0,1,0,1,0,3,1,3,6,4,1,0,0,0,0,1,1,0,0,2,0,0,0
2019-07,0,2,2,0,0,2,4,4,0,1,0,0,0,1,0,1,0,0,1,4,1,1,0,0,0,0,0,0,0,0,0,0,0,0,0,2,0,0,0,2,2,1,2,0,0,1,1,1,0,0,0,0,0,0,0,1,1,0,0,0,0,0,1,0,0,0,1,0,1,0,0,0,0,1,0,0,0,0,0,0,2,0,0,0,0,0,0,1,1,1,0,0,0,0,0,0,0,0,0,2,0,0,1,0,1,2,1,0,0,0,0,0,0,3,0,3,1,1,4,1,2,0,0,1,0,2,4,1,0,1,1,0,0
2019-07,1,2,2,0,0,3,0,4,0,1,0,0,0,1,2,0,2,3,3,1,2,1,0,2,1,2,1,0,0,0,0,0,0,0,0,0,1,0,0,0,0,3,1,1,0,1,2,0,0,0,0,0,1,1,0,0,1,0,0,0,0,1,1,0,0,0,0,1,2,2,0,2,1,0,0,2,0,0,0,1,1,0,0,0,1,0,2,2,1,2,0,1,0,0,1,0,1,1,0,3,0,4,1,1,1,3,3,1,0,0,0,2,1,2,3,1,2,2,6,6,4,0,0,0,0,7,0,1,0,1,0,0,1
2019-08,2,1,0,0,1,7,2,4,0,1,0,0,0,2,1,2,1,0,4,1,2,1,0,0,1,2,0,0,0,0,0,0,0,0,0,0,2,0,0,0,0,3,1,0,0,0,4,2,0,2,0,0,1,0,0,1,1,0,0,0,0,0,2,0,0,0,1,0,0,2,0,0,0,0,1,1,0,0,1,1,2,0,1,1,2,0,0,2,0,0,0,1,0,0,1,0,2,0,0,3,1,1,2,4,2,5,5,0,0,0,0,1,0,1,3,3,3,1,6,6,3,0,0,1,0,6,0,1,0,0,0,0,0
2019-08,1,2,2,0,0,5,3,2,0,1,0,0,0,2,0,1,3,2,6,2,3,1,0,0,0,3,0,0,0,0,0,1,2,0,0,0,0,1,0,0,0,0,4,0,0,0,1,1,0,2,0,0,2,1,1,1,0,0,0,1,0,0,1,0,0,0,1,0,0,0,0,0,0,0,0,0,1,0,0,0,1,1,0,1,1,0,0,1,0,0,0,3,1,2,0,0,5,0,0,3,1,1,1,5,2,1,3,0,0,0,0,0,0,0,3,5,3,1,3,7,3,0,0,0,0,8,0,1,0,0,1,0,0
2019-09,0,2,2,0,0,2,0,3,0,1,0,0,0,2,1,1,4,5,4,1,0,3,0,0,0,2,0,1,0,0,0,1,1,0,0,0,0,1,0,0,0,1,2,0,0,2,0,1,0,1,0,0,0,1,0,0,0,0,0,0,0,0,1,0,2,1,1,0,0,1,0,0,0,0,0,1,1,0,0,0,0,0,0,1,1,0,1,1,0,0,0,1,0,1,0,0,0,0,0,0,1,0,2,6,3,2,5,0,0,0,0,1,0,0,1,1,4,1,3,3,6,0,0,1,0,6,0,1,1,1,0,0,1
2019-09,0,1,4,0,2,3,2,4,1,0,1,0,0,1,0,1,4,2,1,1,2,0,1,0,0,0,1,0,0,0,0,1,0,0,0,0,1,0,0,0,0,0,6,0,0,1,1,0,0,1,0,0,0,3,0,1,0,0,0,0,0,0,0,0,1,0,0,0,1,0,0,0,0,0,2,2,0,1,0,0,0,0,0,0,0,0,1,1,1,0,0,0,0,2,0,1,0,0,0,2,1,0,2,2,0,1,1,2,0,0,0,0,0,2,2,6,4,5,4,3,1,0,0,0,0,4,1,1,1,1,0,0,0
2019-10,0,1,4,0,3,8,4,7,1,0,1,0,0,2,2,0,4,1,0,2,2,0,1,0,0,0,2,0,0,0,1,3,0,0,0,0,1,0,0,0,0,3,6,0,0,2,1,0,0,0,1,0,2,3,0,1,0,0,0,0,1,0,1,0,1,0,3,0,3,2,0,0,0,0,1,3,3,1,0,0,0,0,0,0,0,0,1,1,2,3,0,0,0,1,1,1,1,0,0,3,3,0,3,4,0,6,1,2,0,0,0,0,0,2,4,8,9,7,8,5,2,0,0,0,0,12,2,1,1,1,0,0,0
2019-10,0,0,6,0,3,6,3,5,0,0,1,0,0,1,3,0,2,0,0,2,1,1,0,0,1,3,1,1,0,0,0,0,0,0,0,0,0,0,0,1,0,0,4,0,0,0,0,0,0,2,0,0,0,0,1,0,0,0,0,1,0,0,1,0,1,1,2,0,1,1,0,1,0,1,3,1,1,0,0,0,0,0,1,0,0,0,0,0,1,1,0,0,0,1,0,1,1,0,0,0,1,1,5,8,2,10,3,0,0,0,0,0,0,0,1,2,3,3,4,2,1,0,0,0,0,6,1,0,0,0,1,0,2
2019-10,0,0,7,0,0,6,3,3,0,0,0,0,0,1,1,3,2,1,3,2,2,0,0,0,1,1,1,0,0,0,1,0,1,0,0,0,0,0,1,0,0,0,2,0,0,0,1,0,0,1,0,0,3,1,2,0,0,0,0,0,1,0,0,1,0,0,2,0,1,0,1,1,0,0,1,0,3,0,0,1,0,1,0,0,1,0,0,3,2,1,0,0,0,2,0,0,1,2,1,1,0,0,1,2,2,4,1,0,0,1,0,1,1,0,3,5,9,3,1,1,2,0,0,0,0,0,1,0,0,0,6,0,1
2019-11,0,0,4,1,0,0,3,5,0,1,0,1,1,0,0,3,0,0,2,1,1,1,0,0,1,0,0,0,1,0,0,0,0,0,1,1,0,0,1,2,0,2,2,0,0,0,2,0,0,2,0,0,2,0,0,0,0,0,0,0,0,0,0,0,0,0,1,0,0,0,0,1,0,0,0,1,1,0,0,0,0,3,0,0,0,0,0,4,0,0,0,0,1,1,0,0,1,1,0,1,0,1,0,2,1,2,1,1,0,0,0,1,0,1,0,0,8,2,5,8,4,0,0,0,0,6,1,1,1,1,0,0,0
2019-12,2,2,6,2,4,10,2,12,0,0,2,0,0,0,2,2,2,0,8,10,2,0,0,0,2,2,0,0,2,0,0,0,0,0,0,2,0,0,0,0,0,4,4,2,0,2,8,6,2,2,2,0,4,0,0,0,0,0,0,0,0,0,0,0,0,2,0,0,0,0,0,4,2,0,0,0,2,0,0,0,0,8,0,6,0,0,2,6,0,2,0,0,0,0,2,0,2,2,2,4,0,2,6,0,10,10,2,0,0,0,0,0,0,4,0,2,4,2,16,14,10,0,0,0,0,10,6,0,0,0,2,0,0
2020-01,0,1,3,0,2,0,3,4,0,0,0,0,1,1,0,0,4,1,0,4,1,0,0,0,1,0,0,1,0,0,0,1,0,0,0,0,0,0,0,1,0,0,0,1,0,1,4,0,0,4,0,1,0,0,2,0,1,0,0,0,0,0,0,0,1,0,0,0,1,1,0,0,1,1,0,3,1,0,1,0,1,0,0,0,0,0,0,2,0,0,0,0,0,1,0,0,0,0,0,4,0,3,2,2,0,2,0,0,0,0,0,2,0,0,1,4,1,1,3,6,5,0,0,0,0,1,1,1,1,3,2,0,0
2020-02,0,1,5,0,2,0,3,4,0,0,0,2,1,0,0,0,5,1,0,2,2,0,2,1,1,1,0,0,0,0,0,1,1,0,0,0,0,0,1,0,0,0,2,1,0,3,1,2,0,1,0,0,1,0,0,0,0,1,0,0,0,1,1,0,0,0,0,0,0,0,0,1,2,0,0,0,1,0,1,0,1,0,0,3,1,0,0,2,0,0,0,0,0,1,1,0,0,0,1,3,0,3,3,3,0,1,0,0,0,0,0,2,1,0,4,2,3,2,7,2,5,0,0,0,0,4,1,2,0,3,0,0,0
2020-02,0,0,6,0,1,3,2,0,0,0,0,1,0,0,0,0,6,3,1,1,3,1,2,0,1,1,2,0,1,0,0,2,1,0,0,0,0,1,0,2,0,2,1,0,0,2,0,0,0,2,0,0,2,2,0,0,0,0,1,0,0,1,3,0,1,1,1,0,0,2,0,1,1,0,0,1,1,0,0,0,1,0,0,2,2,0,1,3,0,0,0,0,0,2,1,0,1,0,1,0,0,1,3,5,0,3,2,1,0,0,0,3,0,1,2,4,2,2,10,0,1,0,0,2,0,6,0,0,0,1,1,0,0
2020-02,1,4,2,0,3,4,5,2,0,3,0,1,0,1,1,1,2,1,7,1,2,0,0,0,0,1,0,0,1,1,0,0,0,1,0,0,1,1,0,0,0,0,1,0,0,3,0,1,0,0,0,0,2,0,0,0,0,0,0,0,0,0,0,0,0,1,2,0,0,1,0,0,0,0,0,2,4,0,0,0,0,1,1,0,0,0,0,0,0,0,0,2,0,1,0,0,0,2,0,0,0,5,1,0,2,2,0,0,0,0,0,4,2,3,2,1,5,3,3,2,2,0,0,0,0,4,1,3,0,0,1,0,2
